{
  "warmup_start_ts": 1779902343.0562305,
  "action_ts": 1779902523.5817196,
  "observation_end_ts": 1779902704.0013819,
  "target_process": "dockerd",
  "action_kind": "docker_run_50",
  "exp_name": "dockerd_docker_run_50_rep1_1779902337",
  "warmup_s": 180,
  "observation_s": 180,
  "dump_interval_s": 0.5,
  "heap_initial_kib": 33160.0
}