{
  "warmup_start_ts": 1779936901.2886934,
  "action_ts": 1779937081.598023,
  "observation_end_ts": 1779937262.6932373,
  "target_process": "dockerd",
  "action_kind": "docker_inspect",
  "exp_name": "dockerd_docker_inspect_rep10_1779936540760324303",
  "warmup_s": 180,
  "observation_s": 180,
  "dump_interval_s": 0.5,
  "heap_initial_kib": 33160.0
}