{
  "warmup_start_ts": 1779937758.509527,
  "action_ts": 1779937938.522633,
  "observation_end_ts": 1779938118.564589,
  "target_process": "redis-server",
  "action_kind": "redis_set_1",
  "exp_name": "redis_redis_set_1_rep6_1779937535033277601",
  "warmup_s": 180,
  "observation_s": 180,
  "dump_interval_s": 0.5,
  "heap_initial_kib": 2224.0
}