{
  "warmup_start_ts": 1779937750.4637258,
  "action_ts": 1779937930.4777765,
  "observation_end_ts": 1779938110.4995062,
  "target_process": "redis-server",
  "action_kind": "redis_set_1",
  "exp_name": "redis_redis_set_1_rep7_1779937535036337840",
  "warmup_s": 180,
  "observation_s": 180,
  "dump_interval_s": 0.5,
  "heap_initial_kib": 2224.0
}