{
  "warmup_start_ts": 1779903073.5763044,
  "action_ts": 1779903253.623479,
  "observation_end_ts": 1779903433.711908,
  "target_process": "dockerd",
  "action_kind": "docker_run_50",
  "exp_name": "dockerd_docker_run_50_rep3_1779903070",
  "warmup_s": 180,
  "observation_s": 180,
  "dump_interval_s": 0.5,
  "heap_initial_kib": 33160.0
}