{
  "warmup_start_ts": 1779937604.7101898,
  "action_ts": 1779937784.750151,
  "observation_end_ts": 1779937964.755005,
  "target_process": "redis-server",
  "action_kind": "redis_flushdb",
  "exp_name": "redis_redis_flushdb_rep1_1779937535022129437",
  "warmup_s": 180,
  "observation_s": 180,
  "dump_interval_s": 0.5,
  "heap_initial_kib": 2224.0
}