{
  "warmup_start_ts": 1779853190.6765082,
  "action_ts": 1779853370.6886454,
  "observation_end_ts": 1779853550.7346687,
  "target_process": "nginx",
  "action_kind": "nginx_reload",
  "exp_name": "nginx_nginx_reload_rep2_1779853189",
  "warmup_s": 180,
  "observation_s": 180,
  "dump_interval_s": 0.5,
  "heap_initial_kib": 840.0
}