{
  "warmup_start_ts": 1779852107.016536,
  "action_ts": 1779852287.0535972,
  "observation_end_ts": 1779852467.0799546,
  "target_process": "nginx",
  "action_kind": "nginx_burst_100",
  "exp_name": "nginx_nginx_burst_100_rep2_1779852105",
  "warmup_s": 180,
  "observation_s": 180,
  "dump_interval_s": 0.5,
  "heap_initial_kib": 840.0
}