{
  "warmup_start_ts": 1779937698.1645474,
  "action_ts": 1779937878.182638,
  "observation_end_ts": 1779938058.2253053,
  "target_process": "redis-server",
  "action_kind": "redis_flushdb",
  "exp_name": "redis_redis_flushdb_rep8_1779937535041821051",
  "warmup_s": 180,
  "observation_s": 180,
  "dump_interval_s": 0.5,
  "heap_initial_kib": 2224.0
}