{
  "warmup_start_ts": 1779937665.7881863,
  "action_ts": 1779937845.8109465,
  "observation_end_ts": 1779938025.9450438,
  "target_process": "redis-server",
  "action_kind": "redis_set_1",
  "exp_name": "redis_redis_set_1_rep2_1779937535023874835",
  "warmup_s": 180,
  "observation_s": 180,
  "dump_interval_s": 0.5,
  "heap_initial_kib": 2224.0
}