{
  "warmup_start_ts": 1779937666.8256361,
  "action_ts": 1779937846.935586,
  "observation_end_ts": 1779938026.9389493,
  "target_process": "redis-server",
  "action_kind": "redis_flushdb",
  "exp_name": "redis_redis_flushdb_rep4_1779937535029575739",
  "warmup_s": 180,
  "observation_s": 180,
  "dump_interval_s": 0.5,
  "heap_initial_kib": 2224.0
}