{
  "warmup_start_ts": 1779937752.546506,
  "action_ts": 1779937932.588146,
  "observation_end_ts": 1779938112.6283286,
  "target_process": "redis-server",
  "action_kind": "redis_mset_100",
  "exp_name": "redis_redis_mset_100_rep5_1779937535031254469",
  "warmup_s": 180,
  "observation_s": 180,
  "dump_interval_s": 0.5,
  "heap_initial_kib": 2224.0
}