{
  "warmup_start_ts": 1779853552.482906,
  "action_ts": 1779853732.5038147,
  "observation_end_ts": 1779853912.5423114,
  "target_process": "nginx",
  "action_kind": "nginx_reload",
  "exp_name": "nginx_nginx_reload_rep3_1779853551",
  "warmup_s": 180,
  "observation_s": 180,
  "dump_interval_s": 0.5,
  "heap_initial_kib": 840.0
}