{
  "warmup_start_ts": 1779847367.750609,
  "action_ts": 1779847547.7808979,
  "observation_end_ts": 1779847727.782937,
  "target_process": "redis-server",
  "action_kind": "redis_set_1",
  "exp_name": "redis_redis_set_1_rep1_1779847365",
  "warmup_s": 180,
  "observation_s": 180,
  "dump_interval_s": 0.5,
  "heap_initial_kib": 2224.0
}