{
  "warmup_start_ts": 1779941575.0567641,
  "action_ts": 1779941755.7125738,
  "observation_end_ts": 1779941936.2116656,
  "target_process": "dockerd",
  "action_kind": "docker_inspect",
  "exp_name": "dockerd_docker_inspect_rep1_1779941548606162478",
  "warmup_s": 180,
  "observation_s": 180,
  "dump_interval_s": 0.5,
  "heap_initial_kib": 33160.0
}