{
  "warmup_start_ts": 1779848455.5568752,
  "action_ts": 1779848635.5918653,
  "observation_end_ts": 1779848815.605106,
  "target_process": "redis-server",
  "action_kind": "redis_mset_100",
  "exp_name": "redis_redis_mset_100_rep1_1779848453",
  "warmup_s": 180,
  "observation_s": 180,
  "dump_interval_s": 0.5,
  "heap_initial_kib": 2224.0
}