{
  "warmup_start_ts": 1779937757.454098,
  "action_ts": 1779937937.4812887,
  "observation_end_ts": 1779938117.570733,
  "target_process": "redis-server",
  "action_kind": "redis_flushdb",
  "exp_name": "redis_redis_flushdb_rep9_1779937535045547670",
  "warmup_s": 180,
  "observation_s": 180,
  "dump_interval_s": 0.5,
  "heap_initial_kib": 2224.0
}