{
  "warmup_start_ts": 1779886695.8954513,
  "action_ts": 1779886876.5420897,
  "observation_end_ts": 1779887057.3692906,
  "target_process": "dockerd",
  "action_kind": "docker_run_10",
  "exp_name": "dockerd_docker_run_10_rep2_1779886690",
  "warmup_s": 180,
  "observation_s": 180,
  "dump_interval_s": 0.5,
  "heap_initial_kib": 33160.0
}