{
  "warmup_start_ts": 1779936881.7667716,
  "action_ts": 1779937063.2019033,
  "observation_end_ts": 1779937243.6532323,
  "target_process": "dockerd",
  "action_kind": "docker_inspect",
  "exp_name": "dockerd_docker_inspect_rep8_1779936540755557821",
  "warmup_s": 180,
  "observation_s": 180,
  "dump_interval_s": 0.5,
  "heap_initial_kib": 33160.0
}