{
  "warmup_start_ts": 1779887060.3656833,
  "action_ts": 1779887240.76417,
  "observation_end_ts": 1779887421.1756995,
  "target_process": "dockerd",
  "action_kind": "docker_run_10",
  "exp_name": "dockerd_docker_run_10_rep3_1779887057",
  "warmup_s": 180,
  "observation_s": 180,
  "dump_interval_s": 0.5,
  "heap_initial_kib": 33160.0
}