{
  "warmup_start_ts": 1779851745.1753306,
  "action_ts": 1779851925.1813784,
  "observation_end_ts": 1779852105.2274606,
  "target_process": "nginx",
  "action_kind": "nginx_burst_100",
  "exp_name": "nginx_nginx_burst_100_rep1_1779851743",
  "warmup_s": 180,
  "observation_s": 180,
  "dump_interval_s": 0.5,
  "heap_initial_kib": 840.0
}