{
  "warmup_start_ts": 1779851382.296116,
  "action_ts": 1779851562.322762,
  "observation_end_ts": 1779851742.3514907,
  "target_process": "nginx",
  "action_kind": "nginx_curl_1",
  "exp_name": "nginx_nginx_curl_1_rep3_1779851380",
  "warmup_s": 180,
  "observation_s": 180,
  "dump_interval_s": 0.5,
  "heap_initial_kib": 840.0
}