{
  "warmup_start_ts": 1779937751.8512027,
  "action_ts": 1779937931.8638458,
  "observation_end_ts": 1779938111.9013731,
  "target_process": "redis-server",
  "action_kind": "redis_mset_100",
  "exp_name": "redis_redis_mset_100_rep6_1779937535034208459",
  "warmup_s": 180,
  "observation_s": 180,
  "dump_interval_s": 0.5,
  "heap_initial_kib": 2224.0
}