{
  "warmup_start_ts": 1779900510.7621286,
  "action_ts": 1779900691.2802107,
  "observation_end_ts": 1779900871.2873185,
  "target_process": "dockerd",
  "action_kind": "docker_run_1",
  "exp_name": "dockerd_docker_run_1_rep2_1779900508",
  "warmup_s": 180,
  "observation_s": 180,
  "dump_interval_s": 0.5,
  "heap_initial_kib": 33160.0
}