{
  "warmup_start_ts": 1779847242.2488542,
  "action_ts": 1779847272.2666159,
  "observation_end_ts": 1779847302.272568,
  "target_process": "redis-server",
  "action_kind": "redis_set_1",
  "exp_name": "redis_redis_set_1_rep1_1779847238",
  "warmup_s": 30,
  "observation_s": 30,
  "dump_interval_s": 0.5,
  "heap_initial_kib": 2224.0
}