{
  "warmup_start_ts": 1779937758.3595092,
  "action_ts": 1779937938.4049726,
  "observation_end_ts": 1779938118.4139488,
  "target_process": "redis-server",
  "action_kind": "redis_set_1",
  "exp_name": "redis_redis_set_1_rep4_1779937535028606931",
  "warmup_s": 180,
  "observation_s": 180,
  "dump_interval_s": 0.5,
  "heap_initial_kib": 2224.0
}