{
  "warmup_start_ts": 1779887428.1586843,
  "action_ts": 1779887608.5947292,
  "observation_end_ts": 1779887788.6145356,
  "target_process": "dockerd",
  "action_kind": "docker_run_50",
  "exp_name": "dockerd_docker_run_50_rep1_1779887423",
  "warmup_s": 180,
  "observation_s": 180,
  "dump_interval_s": 0.5,
  "heap_initial_kib": 33160.0
}