{
  "warmup_start_ts": 1779882081.9397354,
  "action_ts": 1779882262.690373,
  "observation_end_ts": 1779882443.033916,
  "target_process": "dockerd",
  "action_kind": "docker_run_1",
  "exp_name": "dockerd_docker_run_1_rep1_1779882077",
  "warmup_s": 180,
  "observation_s": 180,
  "dump_interval_s": 0.5,
  "heap_initial_kib": 33160.0
}