{
  "warmup_start_ts": 1779887793.9431298,
  "action_ts": 1779887974.3372471,
  "observation_end_ts": 1779888154.9882517,
  "target_process": "dockerd",
  "action_kind": "docker_run_50",
  "exp_name": "dockerd_docker_run_50_rep2_1779887788",
  "warmup_s": 180,
  "observation_s": 180,
  "dump_interval_s": 0.5,
  "heap_initial_kib": 33160.0
}