{
  "warmup_start_ts": 1779936839.0001354,
  "action_ts": 1779937019.433616,
  "observation_end_ts": 1779937199.4921474,
  "target_process": "dockerd",
  "action_kind": "docker_inspect",
  "exp_name": "dockerd_docker_inspect_rep3_1779936540743688681",
  "warmup_s": 180,
  "observation_s": 180,
  "dump_interval_s": 0.5,
  "heap_initial_kib": 33160.0
}