{"warmup_start_ts": 1784482909.3795998, "action_ts": 1784482939.398026, "legit_ts": 1784482955.4211411, "observation_end_ts": 1784482979.4396913, "target_process": "enrichment_workload", "fetch_lag_s": 4.0, "stages": 8, "stage_interval_s": 1.0, "ingest_ok": true}