{
  "warmup_start_ts": 1779937745.8564174,
  "action_ts": 1779937926.0508075,
  "observation_end_ts": 1779938106.0869086,
  "target_process": "redis-server",
  "action_kind": "redis_set_1",
  "exp_name": "redis_redis_set_1_rep9_1779937535042912308",
  "warmup_s": 180,
  "observation_s": 180,
  "dump_interval_s": 0.5,
  "heap_initial_kib": 2224.0
}