{
  "warmup_start_ts": 1779937603.5690842,
  "action_ts": 1779937783.7654784,
  "observation_end_ts": 1779937963.7724912,
  "target_process": "redis-server",
  "action_kind": "redis_flushdb",
  "exp_name": "redis_redis_flushdb_rep7_1779937535038041434",
  "warmup_s": 180,
  "observation_s": 180,
  "dump_interval_s": 0.5,
  "heap_initial_kib": 2224.0
}