{
  "warmup_start_ts": 1779937715.7660046,
  "action_ts": 1779937895.8143706,
  "observation_end_ts": 1779938075.8455546,
  "target_process": "redis-server",
  "action_kind": "redis_set_1",
  "exp_name": "redis_redis_set_1_rep3_1779937535026376368",
  "warmup_s": 180,
  "observation_s": 180,
  "dump_interval_s": 0.5,
  "heap_initial_kib": 2224.0
}