{
  "warmup_start_ts": 1779937752.1848445,
  "action_ts": 1779937932.2966597,
  "observation_end_ts": 1779938112.4011471,
  "target_process": "redis-server",
  "action_kind": "redis_flushdb",
  "exp_name": "redis_redis_flushdb_rep3_1779937535026803393",
  "warmup_s": 180,
  "observation_s": 180,
  "dump_interval_s": 0.5,
  "heap_initial_kib": 2224.0
}