{
  "warmup_start_ts": 1779888160.777345,
  "action_ts": 1779888340.8171203,
  "observation_end_ts": 1779888520.880862,
  "target_process": "dockerd",
  "action_kind": "docker_run_50",
  "exp_name": "dockerd_docker_run_50_rep3_1779888155",
  "warmup_s": 180,
  "observation_s": 180,
  "dump_interval_s": 0.5,
  "heap_initial_kib": 33160.0
}