{
  "warmup_start_ts": 1779936869.272135,
  "action_ts": 1779937049.8474035,
  "observation_end_ts": 1779937230.6218162,
  "target_process": "dockerd",
  "action_kind": "docker_run_1",
  "exp_name": "dockerd_docker_run_1_rep5_1779936540748313595",
  "warmup_s": 180,
  "observation_s": 180,
  "dump_interval_s": 0.5,
  "heap_initial_kib": 33160.0
}