{
  "warmup_start_ts": 1779937750.1452723,
  "action_ts": 1779937930.1742918,
  "observation_end_ts": 1779938110.2501159,
  "target_process": "redis-server",
  "action_kind": "redis_mset_100",
  "exp_name": "redis_redis_mset_100_rep10_1779937535051409967",
  "warmup_s": 180,
  "observation_s": 180,
  "dump_interval_s": 0.5,
  "heap_initial_kib": 2224.0
}