{
  "warmup_start_ts": 1779936880.6491702,
  "action_ts": 1779937062.0248404,
  "observation_end_ts": 1779937242.657524,
  "target_process": "dockerd",
  "action_kind": "docker_run_1",
  "exp_name": "dockerd_docker_run_1_rep1_1779936540739585297",
  "warmup_s": 180,
  "observation_s": 180,
  "dump_interval_s": 0.5,
  "heap_initial_kib": 33160.0
}