{
  "warmup_start_ts": 1779850658.4886553,
  "action_ts": 1779850838.5295212,
  "observation_end_ts": 1779851018.561314,
  "target_process": "nginx",
  "action_kind": "nginx_curl_1",
  "exp_name": "nginx_nginx_curl_1_rep1_1779850656",
  "warmup_s": 180,
  "observation_s": 180,
  "dump_interval_s": 0.5,
  "heap_initial_kib": 840.0
}