{
  "warmup_start_ts": 1779937729.970251,
  "action_ts": 1779937909.9941263,
  "observation_end_ts": 1779938090.0949728,
  "target_process": "redis-server",
  "action_kind": "redis_mset_100",
  "exp_name": "redis_redis_mset_100_rep4_1779937535028988473",
  "warmup_s": 180,
  "observation_s": 180,
  "dump_interval_s": 0.5,
  "heap_initial_kib": 2224.0
}