{
  "warmup_start_ts": 1779900876.6461225,
  "action_ts": 1779901057.2142627,
  "observation_end_ts": 1779901237.402142,
  "target_process": "dockerd",
  "action_kind": "docker_run_1",
  "exp_name": "dockerd_docker_run_1_rep3_1779900871",
  "warmup_s": 180,
  "observation_s": 180,
  "dump_interval_s": 0.5,
  "heap_initial_kib": 33160.0
}