{
  "warmup_start_ts": 1779937745.8559892,
  "action_ts": 1779937925.9392576,
  "observation_end_ts": 1779938105.957045,
  "target_process": "redis-server",
  "action_kind": "redis_set_1",
  "exp_name": "redis_redis_set_1_rep1_1779937535021839132",
  "warmup_s": 180,
  "observation_s": 180,
  "dump_interval_s": 0.5,
  "heap_initial_kib": 2224.0
}