{
  "warmup_start_ts": 1779936898.01105,
  "action_ts": 1779937078.12077,
  "observation_end_ts": 1779937258.6012478,
  "target_process": "dockerd",
  "action_kind": "docker_inspect",
  "exp_name": "dockerd_docker_inspect_rep6_1779936540750764127",
  "warmup_s": 180,
  "observation_s": 180,
  "dump_interval_s": 0.5,
  "heap_initial_kib": 33160.0
}