{
  "warmup_start_ts": 1779937721.7042248,
  "action_ts": 1779937901.864111,
  "observation_end_ts": 1779938081.8814266,
  "target_process": "redis-server",
  "action_kind": "redis_mset_100",
  "exp_name": "redis_redis_mset_100_rep3_1779937535026506442",
  "warmup_s": 180,
  "observation_s": 180,
  "dump_interval_s": 0.5,
  "heap_initial_kib": 2224.0
}