{
  "warmup_start_ts": 1779901611.0976045,
  "action_ts": 1779901791.3606741,
  "observation_end_ts": 1779901971.5205379,
  "target_process": "dockerd",
  "action_kind": "docker_run_10",
  "exp_name": "dockerd_docker_run_10_rep2_1779901606",
  "warmup_s": 180,
  "observation_s": 180,
  "dump_interval_s": 0.5,
  "heap_initial_kib": 33160.0
}