{
  "warmup_start_ts": 1779902709.5963142,
  "action_ts": 1779902890.0433626,
  "observation_end_ts": 1779903070.4341934,
  "target_process": "dockerd",
  "action_kind": "docker_run_50",
  "exp_name": "dockerd_docker_run_50_rep2_1779902704",
  "warmup_s": 180,
  "observation_s": 180,
  "dump_interval_s": 0.5,
  "heap_initial_kib": 33160.0
}