{
  "warmup_start_ts": 1779886328.998596,
  "action_ts": 1779886509.7840276,
  "observation_end_ts": 1779886690.4783797,
  "target_process": "dockerd",
  "action_kind": "docker_run_10",
  "exp_name": "dockerd_docker_run_10_rep1_1779886323",
  "warmup_s": 180,
  "observation_s": 180,
  "dump_interval_s": 0.5,
  "heap_initial_kib": 33160.0
}