{
  "warmup_start_ts": 1779937751.5064135,
  "action_ts": 1779937931.5806184,
  "observation_end_ts": 1779938111.7886713,
  "target_process": "redis-server",
  "action_kind": "redis_set_1",
  "exp_name": "redis_redis_set_1_rep5_1779937535030978131",
  "warmup_s": 180,
  "observation_s": 180,
  "dump_interval_s": 0.5,
  "heap_initial_kib": 2224.0
}