{
  "warmup_start_ts": 1779882529.4503071,
  "action_ts": 1779882709.8077767,
  "observation_end_ts": 1779882890.4559379,
  "target_process": "dockerd",
  "action_kind": "docker_run_50",
  "exp_name": "dockerd_docker_run_50_rep1_1779882524",
  "warmup_s": 180,
  "observation_s": 180,
  "dump_interval_s": 0.5,
  "heap_initial_kib": 33160.0
}