{
  "warmup_start_ts": 1779883173.5743809,
  "action_ts": 1779883353.615062,
  "observation_end_ts": 1779883533.7870405,
  "target_process": "dockerd",
  "action_kind": "docker_run_1",
  "exp_name": "dockerd_docker_run_1_rep1_1779883168",
  "warmup_s": 180,
  "observation_s": 180,
  "dump_interval_s": 0.5,
  "heap_initial_kib": 33160.0
}