{
  "warmup_start_ts": 1779901974.691914,
  "action_ts": 1779902155.1850529,
  "observation_end_ts": 1779902335.4684405,
  "target_process": "dockerd",
  "action_kind": "docker_run_10",
  "exp_name": "dockerd_docker_run_10_rep3_1779901969",
  "warmup_s": 180,
  "observation_s": 180,
  "dump_interval_s": 0.5,
  "heap_initial_kib": 33160.0
}