{
  "warmup_start_ts": 1779936877.7826276,
  "action_ts": 1779937058.388654,
  "observation_end_ts": 1779937239.43291,
  "target_process": "dockerd",
  "action_kind": "docker_inspect",
  "exp_name": "dockerd_docker_inspect_rep4_1779936540746004407",
  "warmup_s": 180,
  "observation_s": 180,
  "dump_interval_s": 0.5,
  "heap_initial_kib": 33160.0
}