{
  "warmup_start_ts": 1779937701.1765354,
  "action_ts": 1779937881.245677,
  "observation_end_ts": 1779938061.2783053,
  "target_process": "redis-server",
  "action_kind": "redis_mset_100",
  "exp_name": "redis_redis_mset_100_rep2_1779937535024110281",
  "warmup_s": 180,
  "observation_s": 180,
  "dump_interval_s": 0.5,
  "heap_initial_kib": 2224.0
}