{
  "warmup_start_ts": 1779937746.8999069,
  "action_ts": 1779937926.9232142,
  "observation_end_ts": 1779938106.9354045,
  "target_process": "redis-server",
  "action_kind": "redis_mset_100",
  "exp_name": "redis_redis_mset_100_rep9_1779937535044405017",
  "warmup_s": 180,
  "observation_s": 180,
  "dump_interval_s": 0.5,
  "heap_initial_kib": 2224.0
}