{
  "warmup_start_ts": 1779852828.880756,
  "action_ts": 1779853008.9020946,
  "observation_end_ts": 1779853188.9223487,
  "target_process": "nginx",
  "action_kind": "nginx_reload",
  "exp_name": "nginx_nginx_reload_rep1_1779852829",
  "warmup_s": 180,
  "observation_s": 180,
  "dump_interval_s": 0.5,
  "heap_initial_kib": 840.0
}