{
  "warmup_start_ts": 1779851020.4993334,
  "action_ts": 1779851200.550275,
  "observation_end_ts": 1779851380.568794,
  "target_process": "nginx",
  "action_kind": "nginx_curl_1",
  "exp_name": "nginx_nginx_curl_1_rep2_1779851018",
  "warmup_s": 180,
  "observation_s": 180,
  "dump_interval_s": 0.5,
  "heap_initial_kib": 840.0
}